DROP TABLE admin;

CREATE TABLE `admin` (
  `id_admin` char(16) NOT NULL,
  `username` varchar(30) NOT NULL,
  `password` varchar(20) NOT NULL,
  `email` varchar(40) NOT NULL,
  `id_level` char(16) NOT NULL
) ENGINE=InnoDB DEFAULT CHARSET=latin1;

INSERT INTO admin VALUES("1","indah","kwhl1sbf","indahf945@gmail.com","1");
INSERT INTO admin VALUES("2","rohmah","7364e8572d4b517c30a7","strhmh811@gmail.com","2");



DROP TABLE level;

CREATE TABLE `level` (
  `id_level` int(25) NOT NULL AUTO_INCREMENT,
  `nama_level` varchar(25) NOT NULL,
  PRIMARY KEY (`id_level`)
) ENGINE=InnoDB DEFAULT CHARSET=latin1;




DROP TABLE pelanggan;

CREATE TABLE `pelanggan` (
  `id_pelanggan` varchar(25) NOT NULL,
  `username` varchar(15) NOT NULL,
  `password` varchar(50) NOT NULL,
  `nomor_kwh` varchar(20) NOT NULL,
  `nama_pelanggan` varchar(50) NOT NULL,
  `alamat` text NOT NULL,
  `saldo` int(11) NOT NULL,
  `id_tarif` int(25) NOT NULL,
  PRIMARY KEY (`id_pelanggan`),
  KEY `id_tarif` (`id_tarif`)
) ENGINE=InnoDB DEFAULT CHARSET=latin1;

INSERT INTO pelanggan VALUES("20190307001","puspita","12d2f20718abf7394dc4acff0ac19a0b","173672","Puspita Wulandari","Bogor","100200","1");
INSERT INTO pelanggan VALUES("20190308002","nurul","6968a2c57c3a4fee8fadc79a80355e4d","1453566","Siti Nurul Laela","bogor","200","2");
INSERT INTO pelanggan VALUES("27862723","indah","f3385c508ce54d577fd205a1b2ecdfb7","9286382","indah fitria","sindang barang jero","20250","2");



DROP TABLE pembayaran;

CREATE TABLE `pembayaran` (
  `id_pembayaran` varchar(25) NOT NULL,
  `id_tagihan` varchar(25) NOT NULL,
  `id_pelanggan` varchar(25) NOT NULL,
  `tanggal_pembayaran` datetime NOT NULL,
  `bulan_bayar` varchar(10) NOT NULL,
  `jumlah_bayar` int(11) NOT NULL,
  `biaya_admin` int(15) NOT NULL,
  `total_bayar` int(25) NOT NULL,
  `id_admin` char(15) NOT NULL,
  PRIMARY KEY (`id_pembayaran`),
  KEY `id_tagihan` (`id_tagihan`,`id_pelanggan`,`id_admin`),
  KEY `id_pelanggan` (`id_pelanggan`),
  KEY `id_admin` (`id_admin`)
) ENGINE=InnoDB DEFAULT CHARSET=latin1;

INSERT INTO pembayaran VALUES("20190402001","20190402001","27862723","2019-04-02 12:04:42","4","50000","2500","52500","erna");
INSERT INTO pembayaran VALUES("20190402002","20190402002","20190307001","2019-04-02 12:05:59","4","27000","2500","29500","erna");



DROP TABLE penggunaan;

CREATE TABLE `penggunaan` (
  `id_penggunaan` varchar(25) NOT NULL,
  `id_pelanggan` varchar(25) NOT NULL,
  `bulan` varchar(10) NOT NULL,
  `tahun` year(4) NOT NULL,
  `meter_awal` varchar(50) NOT NULL,
  `meter_akhir` varchar(50) NOT NULL,
  PRIMARY KEY (`id_penggunaan`),
  KEY `id_pelanggan` (`id_pelanggan`)
) ENGINE=InnoDB DEFAULT CHARSET=latin1;

INSERT INTO penggunaan VALUES("20190402001","27862723","4","2019","0","50");
INSERT INTO penggunaan VALUES("20190402002","20190307001","4","2019","0","20");



DROP TABLE saldo;

CREATE TABLE `saldo` (
  `id_saldo` varchar(12) NOT NULL,
  `username` varchar(20) NOT NULL,
  `jumlah_isi` int(10) NOT NULL,
  `metode` varchar(30) NOT NULL,
  `tanggal_pengisian` datetime NOT NULL,
  `status` varchar(40) NOT NULL,
  PRIMARY KEY (`id_saldo`)
) ENGINE=InnoDB DEFAULT CHARSET=latin1;

INSERT INTO saldo VALUES("20190330001","","100","Bank BRI","2019-03-30 15:40:01","TELAH DIVERIFIKASI");
INSERT INTO saldo VALUES("20190330002","","50","Bank BRI","2019-03-30 15:40:43","TELAH DIVERIFIKASI");
INSERT INTO saldo VALUES("20190330003","","200","Bank BRI","2019-03-30 15:41:12","TELAH DIVERIFIKASI");
INSERT INTO saldo VALUES("20190401001","","100","Bank BRI","2019-04-01 21:05:25","TELAH DIVERIFIKASI");
INSERT INTO saldo VALUES("20190401002","","150","Bank BRI","2019-04-02 00:23:54","TELAH DIVERIFIKASI");
INSERT INTO saldo VALUES("20190402001","","100000","Bank BRI","2019-04-02 13:10:56","TELAH DIVERIFIKASI");
INSERT INTO saldo VALUES("20190402002","","0","","2019-04-02 13:11:02","TELAH DIVERIFIKASI");
INSERT INTO saldo VALUES("20190402003","","50","Bank BRI","2019-04-02 13:18:27","TELAH DIVERIFIKASI");
INSERT INTO saldo VALUES("20190402004","indah","100","Bank BRI","2019-04-02 13:22:30","Menunggu Verifikasi");



DROP TABLE tagihan;

CREATE TABLE `tagihan` (
  `id_tagihan` varchar(12) NOT NULL,
  `id_penggunaan` varchar(12) NOT NULL,
  `id_pelanggan` varchar(12) NOT NULL,
  `bulan` varchar(2) NOT NULL,
  `tahun` year(4) NOT NULL,
  `jumlah_meter` varchar(25) NOT NULL,
  `status` varchar(15) NOT NULL,
  PRIMARY KEY (`id_tagihan`)
) ENGINE=InnoDB DEFAULT CHARSET=latin1;

INSERT INTO tagihan VALUES("20190402001","20190402001","27862723","4","2019","50","Lunas");
INSERT INTO tagihan VALUES("20190402002","20190402002","20190307001","4","2019","20","Lunas");



DROP TABLE tarif;

CREATE TABLE `tarif` (
  `id_tarif` int(2) NOT NULL,
  `daya` varchar(25) NOT NULL,
  `tarifperkwh` int(6) NOT NULL,
  PRIMARY KEY (`id_tarif`)
) ENGINE=InnoDB DEFAULT CHARSET=latin1;

INSERT INTO tarif VALUES("1","900","1350");
INSERT INTO tarif VALUES("2","450","1000");
INSERT INTO tarif VALUES("3","13000","2000");



