DROP TABLE admin;

CREATE TABLE `admin` (
  `id_admin` int(11) NOT NULL AUTO_INCREMENT,
  `username` varchar(50) NOT NULL,
  `password` varchar(50) NOT NULL,
  `email` varchar(50) NOT NULL,
  `id_level` int(11) NOT NULL,
  PRIMARY KEY (`id_admin`)
) ENGINE=InnoDB AUTO_INCREMENT=3 DEFAULT CHARSET=latin1;

INSERT INTO admin VALUES("1","admin","21232f297a57a5a743894a0e4a801fc3","indahf945@gmail.com","1");



DROP TABLE level;

CREATE TABLE `level` (
  `id_level` int(25) NOT NULL AUTO_INCREMENT,
  `nama_level` varchar(25) NOT NULL,
  PRIMARY KEY (`id_level`)
) ENGINE=InnoDB AUTO_INCREMENT=3 DEFAULT CHARSET=latin1;

INSERT INTO level VALUES("1","admin");
INSERT INTO level VALUES("2","user");



DROP TABLE pelanggan;

CREATE TABLE `pelanggan` (
  `id_pelanggan` varchar(25) NOT NULL,
  `username` varchar(15) NOT NULL,
  `password` varchar(50) NOT NULL,
  `email` varchar(30) NOT NULL,
  `nomor_kwh` varchar(20) NOT NULL,
  `nama_pelanggan` varchar(50) NOT NULL,
  `alamat` text NOT NULL,
  `saldo` int(11) NOT NULL,
  `id_tarif` int(25) NOT NULL,
  PRIMARY KEY (`id_pelanggan`),
  KEY `id_tarif` (`id_tarif`)
) ENGINE=InnoDB DEFAULT CHARSET=latin1;

INSERT INTO pelanggan VALUES("20190307001","puspita","12d2f20718abf7394dc4acff0ac19a0b","0","173672","Puspita Wulandari","Bogor","127500","1");
INSERT INTO pelanggan VALUES("20190308002","nurul","6968a2c57c3a4fee8fadc79a80355e4d","0","1453566","Siti Nurul Laela","bogor","0","2");
INSERT INTO pelanggan VALUES("20190406001","shela","69e540022952c60ad26e9f38f31c68f9","0","7626527","shela","sawah baru","47500","2");
INSERT INTO pelanggan VALUES("27862723","indah","f3385c508ce54d577fd205a1b2ecdfb7","indahf945@gmail.com","9286382","indah fitria","sindang barang jero","10012500","2");



DROP TABLE pembayaran;

CREATE TABLE `pembayaran` (
  `id_pembayaran` varchar(25) NOT NULL,
  `id_tagihan` varchar(25) NOT NULL,
  `id_pelanggan` varchar(25) NOT NULL,
  `tanggal_pembayaran` datetime NOT NULL,
  `bulan_bayar` varchar(10) NOT NULL,
  `jumlah_bayar` int(11) NOT NULL,
  `biaya_admin` int(15) NOT NULL,
  `denda` int(11) NOT NULL,
  `total_bayar` int(25) NOT NULL,
  `metode_pembayaran` varchar(20) NOT NULL,
  `id_admin` char(15) NOT NULL,
  PRIMARY KEY (`id_pembayaran`),
  KEY `id_tagihan` (`id_tagihan`,`id_pelanggan`,`id_admin`),
  KEY `id_pelanggan` (`id_pelanggan`),
  KEY `id_admin` (`id_admin`)
) ENGINE=InnoDB DEFAULT CHARSET=latin1;

INSERT INTO pembayaran VALUES("20190527001","20190527001","27862723","2019-05-27 09:17:05","5","40000","2500","0","42500","saldo","indah");
INSERT INTO pembayaran VALUES("20190527002","20190527002","20190406001","2019-05-27 09:19:41","5","10000","2500","17500","12500","BRI","indah");



DROP TABLE penggunaan;

CREATE TABLE `penggunaan` (
  `id_penggunaan` varchar(25) NOT NULL,
  `id_pelanggan` varchar(25) NOT NULL,
  `bulan` varchar(10) NOT NULL,
  `tahun` year(4) NOT NULL,
  `meter_awal` varchar(50) NOT NULL,
  `meter_akhir` varchar(50) NOT NULL,
  PRIMARY KEY (`id_penggunaan`),
  KEY `id_pelanggan` (`id_pelanggan`)
) ENGINE=InnoDB DEFAULT CHARSET=latin1;

INSERT INTO penggunaan VALUES("20190527001","27862723","5","2019","0","40");
INSERT INTO penggunaan VALUES("20190527002","20190406001","5","2019","0","10");



DROP TABLE saldo;

CREATE TABLE `saldo` (
  `id_saldo` varchar(12) NOT NULL,
  `username` varchar(20) NOT NULL,
  `jumlah_isi` int(10) NOT NULL,
  `metode` varchar(30) NOT NULL,
  `tanggal_pengisian` datetime NOT NULL,
  `status` varchar(40) NOT NULL,
  PRIMARY KEY (`id_saldo`)
) ENGINE=InnoDB DEFAULT CHARSET=latin1;

INSERT INTO saldo VALUES("20190406001","indah","5000000","Bank BRI","2019-04-06 12:37:51","Telah di verifikasi");
INSERT INTO saldo VALUES("20190406002","indah","10000000","Bank BRI","2019-04-06 12:39:34","TELAH DIVERIFIKASI");
INSERT INTO saldo VALUES("20190406003","puspita","50000","Bank BRI","2019-04-06 13:54:51","Telah di verifikasi");
INSERT INTO saldo VALUES("20190527001","shela","50000","Bank BRI","2019-05-27 08:43:17","Telah di verifikasi");
INSERT INTO saldo VALUES("20190703001","puspita","100000","Bank BRI","2019-07-04 00:03:20","Telah di verifikasi");



DROP TABLE tagihan;

CREATE TABLE `tagihan` (
  `id_tagihan` varchar(12) NOT NULL,
  `id_penggunaan` varchar(12) NOT NULL,
  `id_pelanggan` varchar(12) NOT NULL,
  `bulan` varchar(2) NOT NULL,
  `tahun` year(4) NOT NULL,
  `jumlah_meter` varchar(25) NOT NULL,
  `status` varchar(15) NOT NULL,
  PRIMARY KEY (`id_tagihan`)
) ENGINE=InnoDB DEFAULT CHARSET=latin1;

INSERT INTO tagihan VALUES("20190527001","20190527001","27862723","5","2019","40","Lunas");
INSERT INTO tagihan VALUES("20190527002","20190527002","20190406001","5","2019","10","Lunas");



DROP TABLE tarif;

CREATE TABLE `tarif` (
  `id_tarif` int(2) NOT NULL,
  `daya` varchar(25) NOT NULL,
  `tarifperkwh` int(6) NOT NULL,
  PRIMARY KEY (`id_tarif`)
) ENGINE=InnoDB DEFAULT CHARSET=latin1;

INSERT INTO tarif VALUES("1","900","1350");
INSERT INTO tarif VALUES("2","450","1000");
INSERT INTO tarif VALUES("3","13000","2000");



